split,question_id,question,openalex_id,year,title,sentence,nli_direction,external_score,ANSWERS_QUESTION (support/refute/no),SAME_SCOPE (yes/no),notes
test,517,High levels of copeptin decrease risk of diabetes.,https://openalex.org/W2056587840,2012,"Copeptin, a marker of vasopressin, in abdominal obesity, diabetes and microalbuminuria: the prospective Malmö Diet and Cancer Study cardiovascular cohort","BACKGROUND: High plasma copeptin (copeptin), the C-terminal fragment of arginine vasopressin pro-hormone, has been associated with the metabolic syndrome (MetS), diabetes mellitus (DM) development and nephropathy.",contradict,1,refute,yes,
test,659,Ivermectin is used to treat lymphatic filariasis.,https://openalex.org/W2571540049,2017,"Potential Value of Triple Drug Therapy with Ivermectin, Diethylcarbamazine, and Albendazole (IDA) to Accelerate Elimination of Lymphatic Filariasis and Onchocerciasis in Africa","Recent studies have shown that single-dose combination therapy with three currently approved antifilarial drugs (ivermectin, diethylcarbamazine (DEC), and albendazole, or IDA) is superior to current regimens used in lymphatic filariasis (LF) elimination programs.IDA may help to accelerate LF elimination in Africa, which has lagged behind other regions.Although it has not yet been tested, IDA may also be useful for treating onchocerciasis.There is a serious concern about using DEC in sub-Saharan Africa because of ocular adverse events after DEC treatment of onchocerciasis in the past.This paper discusses published experience with DEC in onchocerciasis patients and describes strategies for studying the effects of IDA in patients with onchocerciasis and LF in Africa.",entail,1,,,
test,660,Ivermectin is used to treat onchocerciasis.,https://openalex.org/W2261200048,2016,Doxycycline plus ivermectin versus ivermectin alone for treatment of patients with onchocerciasis,The disease is the second leading infectious cause of blindness in endemic areas.Ivermectin (a microfilaricide) is widely distributed to endemic populations for prevention and treatment of onchocerciasis.,entail,1,,,
test,1100,Statins increase blood cholesterol.,https://openalex.org/W2068898353,2004,Statins and Blood Coagulation,"These novel properties of statins, suggesting that these drugs might act as mild anticoagulants, may explain, at least in part, the therapeutic benefits observed in a wide spectrum of patients with varying cholesterol levels, including subjects with acute coronary events.",contradict,1,,,
calib,95,Albendazole is used to treat soil-transmitted helminths.,https://openalex.org/W2043375010,2013,Association between Response to Albendazole Treatment and β-Tubulin Genotype Frequencies in Soil-transmitted Helminths,"BACKGROUND: Albendazole (ABZ), a benzimidazole (BZ) anthelmintic (AH), is commonly used for treatment of soil-transmitted helminths (STHs).",entail,0.999,,,
calib,229,Carriers of HNF4A mutations are at reduced risk for diabetes.,https://openalex.org/W2146975462,2008,The Diabetic Phenotype in HNF4A Mutation Carriers Is Moderated By the Expression of HNF4A Isoforms From the P1 Promoter During Fetal Development,OBJECTIVE: Mutations in the alternatively spliced HNF4A gene cause maturity-onset diabetes of the young (MODY).,contradict,0.999,,,
calib,876,Obesity raises life quality.,https://openalex.org/W3198259760,2021,"Obesity: Epidemiology, Pathophysiology, and Therapeutics","Raised body mass index (BMI) is a risk factor for noncommunicable diseases such as diabetes, cardiovascular diseases, and musculoskeletal disorders, resulting in dramatic decrease of life quality and expectancy.",contradict,0.999,,,
calib,1085,Side effects associated with antidepressants lower risk of myocardial infarction.,https://openalex.org/W2518591233,1998,Cardiovascular effects of antidepressant drugs: updated.,"The prevalence of cardiovascular disease and the evidence that comorbid depression with cardiovascular disease (for example, following myocardial infarction) increases the risk of mortality underscore the importance of understanding the cardiac effects of antidepressants and the need for effective antidepressants that are free of adverse cardiovascular effects.",contradict,0.999,,,
test,13,5% of perinatal mortality is due to low birth weight.,https://openalex.org/W2069258577,1968,Significance of low birth weight in perinatal mortality. A study of variations within England and Wales.,"Despite improvements in economic and social standards in recent years, wide variations remain between the perinatal mortality rates of the countries of Europe (International Federations of Gynaecology and of Midwives, 1966).Considerable variations also persist between the individual regions of England and Wales (Butler and Bonham, 1963).Within populations, low socio-economic status, short stature, advanced parity, and advanced age of mother (Duncan, Baird, and Thomson, 1952) are among the factors which increase the risk of perinatal death.Standards of medical care, although not easy to measure, undoubtedly modify perinatal mortality (Baumgartner, 1962).These same factors may also be associated with low birth weight (Baird, 1964), and in England and Wales some 65 per cent. of the total of perinatal deaths occur in infants weighing less than 2,501 g. at birth.An analysis has been carried out to measure the extent to which variations in perinatal mortality between different parts of England and Wales are correlated with the distribution of birth weight.This analysis forms the first stage of a long-term study of the biology of low birth weight.",contradict,0.999,,,
test,94,Albendazole is used to treat lymphatic filariasis.,https://openalex.org/W2055789080,2008,The Global Programme to Eliminate Lymphatic Filariasis: Health Impact after 8 Years,"BACKGROUND: In its first 8 years, the Global Programme to Eliminate Lymphatic Filariasis (GPELF) achieved an unprecedentedly rapid scale-up: >1.9 billion treatments with anti-filarial drugs (albendazole, ivermectin, and diethylcarbamazine) were provided via yearly mass drug administration (MDA) to a minimum of 570 million individuals living in 48 of the 83 initially identified LF-endemic countries.",entail,0.999,,,
test,269,Cold exposure reduces BAT recruitment.,https://openalex.org/W2077382393,2014,Intermittent Cold Exposure Enhances Fat Accumulation in Mice,"Together, our results indicate that despite enhancing BAT recruitment, ICE in mice increases fat accumulation by stimulating de novo lipogenesis.",contradict,0.999,,,
test,410,Febrile seizures increase the threshold for development of epilepsy.,https://openalex.org/W1978586780,2010,The relationship between febrile seizures and epilepsy,It has been debated whether FS are a nonspecific marker of a lower seizure threshold for patients who later develop epilepsy.,contradict,0.999,,,
calib,490,HNF4A mutations are associated with macrosomia in infancy.,https://openalex.org/W2125505360,2012,Novel Presentations of Congenital Hyperinsulinism due to Mutations in the MODY genes:HNF1AandHNF4A,Children carrying HNF4A (MODY1) mutations can present in early infancy with macrosomia and diazoxide-responsive hyperinsulinism.,entail,0.995,,,
test,1099,Statins decrease blood cholesterol.,https://openalex.org/W2782387612,2018,"Central and Brachial Blood Pressures, Statins, and Low-Density Lipoprotein Cholesterol","In conclusion, reduction of LDL-c was associated with only a fraction of the lower blood pressures in statin user and seemed to be mostly associated with improvement of steady (diastolic) pressure, whereas non–LDL-c–mediated pathways were mostly associated with changes in pulsatile pressure components.",entail,0.995,,,
calib,173,Bcp1 is a chaperone for Rpl23.,https://openalex.org/W2558081501,2016,Bcp1 Is the Nuclear Chaperone of Rpl23 in Saccharomyces cerevisiae,"In summary, Bcp1 is a novel 60S biogenesis factor via chaperoning Rpl23 in the nucleus.",entail,0.993,,,
calib,182,Bone Marrow (BM) transplantation is used to treat acute myeloid leukemia (AML),https://openalex.org/W2159289068,2001,"A comparison of allogeneic bone marrow transplantation, autologous bone marrow transplantation, and aggressive chemotherapy in children with acute myeloid leukemia in remission: a report from the Children's Cancer Group","Allogeneic BMT remains the treatment of choice for children and adolescents with AML in remission, when a matched related donor is available.",entail,0.993,,,
calib,1111,Sudden death can occur in patients with complex ventricular arrhythmias.,https://openalex.org/W2337042699,1987,Ventricular Arrhythmias in Patients with Hypertensive Left Ventricular Hypertrophy,"Nevertheless, our data suggest that complex ventricular arrhythmias occur commonly in hypertensive patients with left ventricular hypertrophy and may contribute to the higher incidence of sudden death in these patients.",entail,0.993,,,
test,36,A deficiency of vitamin B12 increases blood levels of homocysteine.,https://openalex.org/W2134584460,2003,Vitamin B12 and folate deficiency in later life,We defined 'metabolically significant vitamin B12 deficiency' as vitamin B12 < 200 pmol/l and blood total homocysteine >20 micro mol/l.,entail,0.986,,,
calib,63,ATM and Rad3 related protein are critical for sensing DNA damage.,https://openalex.org/W2082877330,2014,"ATM, ATR and DNA-PKcs expressions correlate to adverse clinical outcomes in epithelial ovarian cancers","BACKGROUND: Ataxia-telangiectasia mutated (ATM), ataxia-telangiectasia mutated and rad3 related (ATR) and DNA-dependent protein kinase catalytic sub-unit (DNA-PKcs) play critical roles in DNA damage response (DDR) by linking DNA damage sensing to DDR effectors that regulate cell cycle progression and DNA repair.",entail,0.985,,,
test,535,Hypertension is frequently observed in type 1 diabetes patients.,https://openalex.org/W2413856158,2006,[Is arterial hypertension a significant problem in children and adolescents with type 1 diabetes?].,It was demonstrated that hypertension is observed in patients with type 1 diabetes over two-three times more frequently than in the general population.,entail,0.978,,,
test,268,Cold exposure increases BAT recruitment.,https://openalex.org/W2077382393,2014,Intermittent Cold Exposure Enhances Fat Accumulation in Mice,"Together, our results indicate that despite enhancing BAT recruitment, ICE in mice increases fat accumulation by stimulating de novo lipogenesis.",entail,0.977,,,
calib,676,LRBA prevents CTLA - 4 recycling.,https://openalex.org/W4387798808,2023,LRBA signalosomes activate vasopressin‐induced AQP2 trafficking at recycling endosomes,"In T cells, lipopolysaccharide‐responsive beige‐like anchor protein (LRBA) binds directly to the cytotoxic T lymphocyte antigen 4 (CTLA‐4), a checkpoint immune molecule, to prevent CTLA‐4 lysosomal degradation and promote its vesicle recycling.",contradict,0.971,,,
calib,1304,Tirasemtiv targets cardiac muscle.,https://openalex.org/W2319093450,2013,Tirasemtiv (CK-2017357),"For this reason, the target enhancement of contractility derived from administration of tirasemtiv may be capitalized upon for the treatment of several variable pathologies, from cardiac and skeletal muscle pathologies to other neuromuscular disorders and claudication.",entail,0.958,,,
calib,449,Gastric lavage is an effective treatment for acute paraquat poisoning.,https://openalex.org/W2349675921,2009,A clinical analysis of 12 patients with acute paraquat poisoning,"Objective The acute paraquat poisoning has a high mortality rate, in this study,we investigated the proper treatment methods in order to reduce mortality.Methods A retrospective analysis was made on clinical data of 12 patients with oral paraquat poisoning treated in emergency department of our hospital from January 2004 to September 2007.Results In the patients with cute paraquat poisoning,2 cases survived and 10 cases died.The mortality is 80.33%.Conclusion The chance of survival of patients mainly rested with the dose of paraquat and clinical time.Synthesized therapy that including early gastric lavage,effective catharsis,timely hemoperfusion,early applications of antioxidant drugs and adrenal cortical hormone,regulating the organic function and control of infection could reduce the mortality.",entail,0.9,,,
calib,418,Fibroblast Growth Factor is a ligand which signals through receptor tyrosine kinases.,https://openalex.org/W2111121888,2000,Tyrosine kinase signalling in breast cancer: Fibroblast growth factors and their receptors,"The fibroblast growth factors [Fgfs (murine), FGFs (human)] constitute a large family of ligands that signal through a class of cell-surface tyrosine kinase receptors.",entail,0.871,,,
calib,710,Long chain polyunsaturated fatty acids supplementation reduces wheezing and asthma.,https://openalex.org/W2118278044,2015,Maternal prenatal and/or postnatal n-3 long chain polyunsaturated fatty acids (LCPUFA) supplementation for preventing allergies in early childhood,"No clear differences for allergic rhinitis or asthma/wheeze were seen at any time point for both medically diagnosed IgE mediated, and medically diagnosed IgE mediated and/or parental report.There was a clear reduction in children's sensitisation to egg and sensitisation to any allergen between 12 to 36 months of age when mothers were supplemented with n-3 LCPUFA.In terms of safety for the mother and child, n-3 LCPUFA supplementation during pregnancy did not show increased risk of postpartum haemorrhage or early childhood infections.",entail,0.861,,,
test,437,Functional consequences of genomic alterations due to Myelodysplastic syndrome (MDS) are poorly understood due to the lack of an animal model.,https://openalex.org/W2546665634,2014,Patient-Specific Induced Pluripotent Stem Cells Recapitulate the Maturation Defect of Myelodysplastic Syndromes,"Although massive parallel sequencing studies have revealed a number of genomic alterations associated with MDS, functional consequences of these alterations remain poorly understood, mainly due to a difficulty in the ex vivo culture of primary MDS cells and a lack of good animal models.",entail,0.861,,,
calib,622,Individuals with low serum vitamin D concentrations have decreased risk of multiple sclerosis.,https://openalex.org/W2519140039,2016,Mendelian randomization shows a causal effect of low vitamin D on multiple sclerosis risk,"CONCLUSIONS: These results provide strong evidence that low serum 25(OH)D concentration is a cause of MS, independent of established risk factors.",contradict,0.856,,,
test,1245,The one-child policy has been successful in lowering population growth.,https://openalex.org/W4300004437,2004,Morality Policy and Unintended Consequences: China's “One-Child” Policy,"We consider the Chinese experience within the theoretical framework of morality policy and argue that, while China has been remarkably successful in lowering the growth rate of its still escalating population, the policy has had the unanticipated and harmful effect of an increasingly unbalanced sex ratio.",entail,0.855,,,
calib,1401,qSOFA scores are associated with length of stay in emergency department patients.,https://openalex.org/W2729284259,2017,A Study on Quick Sofa Score as a Predictive Tool of Severity in Emergency Department Patients,"The Quick Sequential Organ Failure Assessment (qSOFA) score, composed of respiratory rate >/=22; systolic blood pressure </=100 mm of Hg; altered mental status)is a validated score for assessment of life threatening organ failure in patients with infection.In this study relation between qSOFA score and outcome in emergency department with and without suspected infection was assessed.Methods: We performed an observational study of patients older than thirteen years of age presenting to medicine emergency department in July 2016.Patients of psychiatry, dentistry, with referral to higher centre were excluded from the study.Calculation of qSOFA score was done by vital signs and Glasgow Coma Scale for mental status.Patients receiving intravenous antibiotic in emergency department were presumed to have suspected infection.Appropriate statistical tests were used for analysis.Results: 550 patients were included in the study.61.09% were men and 38.9% were women.qSOFA score was associated with mortality, ICU admission, length of hospital stay significantly.qSOFA score was associated significantly with mortality in both patients with and without infection.Conclusion: qSOFA score may be an easy and quick tool to identify patients at risk of deterioration and need of utmost supervision.Further validation of qSOFA score in this regard in larger population may bring a ray of hope in prediction of prognosis in health resource constraint countries.",entail,0.833,,,
calib,224,Cancer-associated fibroblasts (CAFs) are constituents of tumor microenvironments,https://openalex.org/W2899414628,2018,Cancer Associated Fibroblasts: Naughty Neighbors That Drive Ovarian Cancer Progression,"Cancer associated fibroblasts (CAFs) are a major constituent of the tumor microenvironment, and play a critical role in promoting many aspects of tumor function.",entail,0.832,,,
calib,898,Oxidative DNA damage activates STING signalling.,https://openalex.org/W4319947117,2023,MLKL deficiency attenuated hepatocyte oxidative DNA damage by activating mitophagy to suppress macrophage cGAS-STING signaling during liver ischemia and reperfusion injury,"Moreover, increased PTEN-induced kinase 1 (PINK1)-mediated mitophagy contributed to reduced oxidative DNA damage in hepatocytes and subsequent decreased activation of STING signaling in macrophages in MLKL KO mice.",entail,0.822,,,
calib,390,Ethanol stress increases the expression of PSP in bacteria.,https://openalex.org/W2023977704,1995,Analysis of the proteins andcis-acting elements regulating the stress-induced phage shock protein operon,"In bacteria lacking IHF, psp expression is substantially reduced in response to high temperature and ethanol.",contradict,0.799,,,
calib,364,EGR2 is important to myelination of the peripheral nervous system.,https://openalex.org/W1984580777,2004,The Ddx20/DP103 Dead Box Protein Represses Transcriptional Activation by Egr2/Krox-20,The early growth response 2 (Egr2/Krox-20) transcription factor is essential for myelination of the peripheral nervous system and segmentation of the vertebrate hindbrain.,entail,0.798,,,
test,623,Individuals with low serum vitamin D concentrations have increased risk of multiple sclerosis.,https://openalex.org/W2519140039,2016,Mendelian randomization shows a causal effect of low vitamin D on multiple sclerosis risk,"CONCLUSIONS: These results provide strong evidence that low serum 25(OH)D concentration is a cause of MS, independent of established risk factors.",entail,0.797,,,
calib,35,A deficiency of vitamin B12 decreases blood levels of homocysteine.,https://openalex.org/W2289594903,2005,Two newborns with nutritional vitamin B12 deficiency: challenges in newborn screening for vitamin B12 deficiency.,"In conclusion, we suggest measuring Methylmalonic acid, Propionylcarnitine and Homocysteine levels in blood spots in expanded newborn screening in order to detect asymptomatic newborns with Vitamin B12 deficiency.",contradict,0.794,,,
calib,688,Lamins have no effect on nuclear membrane structure maintenance.,https://openalex.org/W2036970799,2009,Nuclear lamins: key regulators of nuclear structure and activities,"The nuclear lamina is a proteinaceous structure located underneath the inner nuclear membrane (INM), where it associates with the peripheral chromatin.",contradict,0.789,,,
calib,11,4-PBA treatment raises endoplasmic reticulum stress in response to general endoplasmic reticulum stress markers.,https://openalex.org/W2763809980,2017,The Role of Endoplasmic Reticulum Stress in the Development of Essential Hypertension,"In addition, mesenteric arteries from the 4-PBA treated SHRs had a significant decrease in media/lumen ratio, ER stress marker expressions, as well as improved vasodilatory response to carbachol and reduced contractile responses to phenylephrine.",contradict,0.777,,,
calib,938,Persister cells provide relapse resistance in cancer patients.,https://openalex.org/W7105070449,2026,Adaptation of redox metabolism in drug-tolerant persister cells is a vulnerability to prevent relapse in pancreatic cancer,These data provide valuable insights into the metabolic vulnerabilities of pancreatic cancer persister cells and can be used to explore therapeutic strategies targeting redox metabolism to prevent relapse.,contradict,0.769,,,
calib,677,LRBA promotes CTLA - 4 recycling.,https://openalex.org/W4415475491,2025,Desmopressin Improves Urinary Concentrating Defect Caused by LRBA Deficiency,We discovered the LRBA-protein kinase A (PKA) complex at renal recycling endosomes which promotes membrane trafficking of aquaporin-2 (AQP2) water channels.,contradict,0.748,,,
calib,1008,RUNX is not expressed in skin tissue.,https://openalex.org/W2613597569,2017,RUNX transcription factors at the interface of stem cells and cancer,"Furthermore, in solid cancers, RUNX1 is overexpressed compared with normal tissue, and RUNX factors have recently been discovered to promote growth of skin, oral, breast and ovarian tumour cells, amongst others.",contradict,0.747,,,
test,132,Aspirin inhibits the production of PGE2.,https://openalex.org/W1968645000,1989,"Prostaglandin E2 inhibits and indomethacin and aspirin enhance, A23187‐stimulated leukotriene B4 synthesis by rat peritoneal macrophages",At concentrations of 2 x 10(-7)-2 x 10(-5) M indomethacin and aspirin enhanced A23187-stimulated LTB4 synthesis and inhibited PGE2 and TXB2 formation.,entail,0.746,,,
calib,871,Obesity decreases life quality.,https://openalex.org/W2761568588,2017,The impact of obesity on health-related quality of life in Spain,"Obesity is associated with a worse HRQOL, especially in women and people aged over 64 years.",entail,0.738,,,
test,870,Obesity decreases life quality.,https://openalex.org/W2761568588,2017,The impact of obesity on health-related quality of life in Spain,"Obesity is associated with a worse HRQOL, especially in women and people aged over 64 years.",entail,0.738,,,
test,913,PPAR-RXRs are inhibited by PPAR ligands.,https://openalex.org/W2107229603,2008,Synergistic Effects of PPAR γ Ligands and Retinoids in Cancer Treatment,"The activation of PPARgamma/RXR heterodimer by their respective ligands synergistically inhibits cell growth, while inducing apoptosis in human colon cancer cells when the phosphorylation of RXRalpha was inhibited.",contradict,0.737,,,
calib,1398,p16INK4A degradation is encoded by CDKN2A.,https://openalex.org/W2609764655,2017,Performance of in silico tools for the evaluation of p16INK4a (CDKN2A) variants in CAGI,"Participants were asked to predict the effect on cellular proliferation of 10 variants for the p16INK4a tumor suppressor, a cyclin-dependent kinase inhibitor encoded by the CDKN2A gene.",contradict,0.735,,,
calib,877,Occipital activation levels are associated with auditory spatial performance in parietal regions of the brain.,https://openalex.org/W2123886994,2011,Relevance of Spectral Cues for Auditory Spatial Processing in the Occipital Cortex of the Blind,An inter-regional covariation analysis showed that the occipital activity in the blind covaried with that of several frontal and parietal regions known for their role in auditory spatial processing.,entail,0.73,,,
calib,64,ATM and Rad3 related protein have no role in sensing DNA damage.,https://openalex.org/W2957008899,2019,"Beyond the Trinity of ATM, ATR, and DNA-PK: Multiple Kinases Shape the DNA Damage Response in Concert With RNA Metabolism","In the canonical DNA damage response (DDR) DSBs are recognized by the sensing kinases Ataxia-telangiectasia mutated (ATM), Ataxia-telangiectasia and Rad3-related (ATR), and DNA-dependent protein kinase (DNA-PK), which initiate a cascade of kinase-dependent amplification steps known as DSB signaling.",contradict,0.714,,,
test,213,CRP is not predictive of postoperative mortality following Coronary Artery Bypass Graft (CABG) surgery.,https://openalex.org/W2981521162,2019,P3798High levels of C-reactive protein after coronary artery bypass graft surgery is associated with postoperative atrial fibrillation,Conclusion High postoperative CRP levels after CABG were associated with POAF development.,contradict,0.714,,,
calib,1096,Specialized functional cell types can be derived from human pluripotent stem cells.,https://openalex.org/W2058607314,2009,Derivation of Functional Retinal Pigmented Epithelium from Induced Pluripotent Stem Cells,"RPE derived from iPSCs (iPS-RPE) were analyzed with respect to gene expression, protein expression, and rod outer segment phagocytosis, and compared with cultured fetal human RPE (fRPE) and RPE derived from hESCs (hESC-RPE). iPS-RPE expression of marker mRNAs was quantitatively similar to that of fRPE and hESC-RPE, and marker proteins were appropriately expressed and localized in polarized monolayers.",entail,0.712,,,
test,294,Crossover hot spots are not found within gene promoters in Saccharomyces cerevisiae.,https://openalex.org/W4300061403,2021,Arabidopsis meiotic crossover hot spots overlap with H2A.Z nucleosomes at gene promoters,"PRDM9 directs human meiotic crossover hotspots to intergenic sequence motifs, whereas budding yeast hotspots overlap low nucleosome density regions in gene promoters.",contradict,0.712,,,
calib,24,90% of patients with melanoma and an objective response to PD-1 blockade will experience a progression in their melanoma.,https://openalex.org/W4295753933,2022,Phase I/II clinical trial of a helper peptide vaccine plus PD-1 blockade in PD-1 antibody-naïve and PD-1 antibody-experienced patients with melanoma (MEL64),The promising objective response rate and OS in PD-1 Ab-naïve participants support consideration of a larger study in that setting.,contradict,0.71,,,
calib,293,Crossover hot spots are found within gene promoters in Saccharomyces cerevisiae.,https://openalex.org/W4300061403,2021,Arabidopsis meiotic crossover hot spots overlap with H2A.Z nucleosomes at gene promoters,"PRDM9 directs human meiotic crossover hotspots to intergenic sequence motifs, whereas budding yeast hotspots overlap low nucleosome density regions in gene promoters.",entail,0.7,,,
test,914,PPAR-RXRs can be activated by PPAR ligands.,https://openalex.org/W114760929,2001,PPAR gamma/RXR as a molecular target for diabetes.,Novel therapies that improve insulin action include ligands that bind and activate the nuclear receptors peroxisome proliferator activating receptor gamma (PPAR gamma) and retinoid X receptor (RXR).,entail,0.697,,,
calib,89,Adult tissue-resident macrophages stem from the embryonal yolk sac and fetal liver.,https://openalex.org/W2792450878,2018,Niche signals and transcription factors involved in tissue-resident macrophage development,"During embryogenesis, precursors originating in the yolk sac and fetal liver colonize the embryonal tissues where they develop into mature tissue-resident macrophages.",entail,0.69,,,
calib,90,Adult tissue-resident macrophages stem from the embryonal yolk sac and fetal liver.,https://openalex.org/W2792450878,2018,Niche signals and transcription factors involved in tissue-resident macrophage development,"During embryogenesis, precursors originating in the yolk sac and fetal liver colonize the embryonal tissues where they develop into mature tissue-resident macrophages.",entail,0.69,,,
calib,423,Folate and vitamin B12 levels influence the association between homocysteine and preeclampsia.,https://openalex.org/W2938582494,2019,"Clinical influence of maternal serum homocysteine, folate and vitamin B12 in the development of pre-eclampsia","Conclusion: Hcy, folate and VitB12 may play an important role in the development of PE and could be potential serological biomarkers for early PE diagnosis.",entail,0.687,,,
calib,988,Pseudoknots are not evolutionarily conserved in most eukaryotes.,https://openalex.org/W4387843495,2023,Modeling alternative translation initiation sites in plants reveals evolutionarily conserved cis -regulatory codes in eukaryotes,Teaser New insights into how plant ribosomes distinguish AUG and non-AUG triplets for protein synthesis via a conserved eukaryotic cis -regulatory strategy.,contradict,0.687,,,
calib,1302,Tirasemtiv has no effect on cardiac muscle.,https://openalex.org/W3207400420,2021,Matrigel 3D bioprinting of contractile human skeletal muscle models recapitulating exercise and pharmacological responses,"Furthermore, the known muscle stimulators caffeine and Tirasemtiv acutely increase EPS-induced contractile force of the models.",contradict,0.666,,,
calib,25,90% of sudden infant death syndrome (SIDS) deaths happen in newborns aged less than 6 months.,https://openalex.org/W4311870828,2022,"Epidemiology of sudden infant death syndrome in Mexico, 2005–2020","In 81% of SIDS records there was no autopsy; 38% of deaths due to SIDS occurred in infants under one month of age, up to 87% of deaths occurred in families without social security services or it was unknown, and 76.2% of deaths occurred at home.",contradict,0.665,,,
