question_id,question,gold_status,doc_id,doc_title,witness_sentence,esv_score,matches_gold_rationale,VALID_EVIDENCE (yes/partial/no),DIRECTION (support/refute),notes
118,Antibiotic induced alterations in the gut microbiome reduce resistance against Clostridium difficile,CLOSED,6372244,Antibiotic-induced shifts in the mouse gut microbiome and metabolome increase susceptibility to Clostridium difficile infection,"Antibiotics can have significant and long-lasting effects on the gastrointestinal tract microbiota, reducing colonization resistance against pathogens including Clostridium difficile.",0.665,1,yes,support,
218,CX3CR1 on the Th2 cells promotes airway inflammation.,CLOSED,21366394,CX3CR1 is required for airway inflammation by promoting T helper cell survival and maintenance in inflamed lung,CX3CR1-induced survival was also observed for T(H)1 cells upon airway inflammation but not under homeostatic conditions or upon peripheral inflammation.,0.795,1,,,
113,Angiotensin converting enzyme inhibitors are associated with increased risk for functional renal insufficiency.,CLOSED,6157837,Renal considerations in angiotensin converting enzyme inhibitor therapy: a statement for healthcare professionals from the Council on the Kidney in Cardiovascular Disease and the Council for High Blood Pressure Research of the American Heart Association.,"Although ACE inhibitor therapy usually improves renal blood flow (RBF) and sodium excretion rates in CHF and reduces the rate of progressive renal injury in chronic renal disease, its use can also be associated with a syndrome of “functional renal insufficiency” and/or hyperkalemia.",0.981,1,,,
1271,The severity of cardiac involvement in amyloidosis can be described by the degree of transmurality of late gadolinium enhancement in MRI.,CLOSED,13768432,Prognostic Value of Late Gadolinium Enhancement Cardiovascular Magnetic Resonance in Cardiac Amyloidosis,"LGE was classified into 3 patterns: none, subendocardial, and transmural, which were associated with increasing amyloid burden as defined by extracellular volume (P<0.0001), with transitions from none to subendocardial LGE at an extracellular volume of 0.40 to 0.43 (AL) and 0.39 to 0.40 (ATTR) and to transmural at 0.48 to 0.55 (AL) and 0.47 to 0.59 (ATTR).",0.537,1,,,
569,"In adult tissue, most T cells are memory T cells.",CLOSED,23460562,Early life compartmentalization of human T cell differentiation and regulatory function in mucosal and lymphoid tissues,"Whereas adult tissues contain a predominance of memory T cells, in pediatric blood and tissues the main subset consists of naive recent thymic emigrants, with effector memory T cells (T(EM)) found only in the lungs and small intestine.",0.665,1,,,
208,CHEK2 is not associated with breast cancer.,CLOSED,13519661,Linkage Disequilibrium Mapping of       CHEK2: Common Variation and Breast Cancer Risk     ,"Previous investigation has established a role for the CHEK2 gene in breast cancer aetiology, but studies have largely been limited to the rare 1100delC mutation.",1,0,yes,refute,
744,Macropinocytosis contributes to a cell's supply of amino acids via the intracellular uptake of protein.,CLOSED,4138659,Macropinocytosis of protein is an amino acid supply route in Ras-transformed cells,"Accordingly, the dependence of Ras-transformed cells on free extracellular glutamine for growth can be suppressed by the macropinocytic uptake of protein.",0.609,0,,,
1385,cSMAC formation enhances weak ligand signalling.,CLOSED,306006,The stimulatory potency of T cell antigens is influenced by the formation of the immunological synapse.,This conclusion was supported by experiments that showed that enhancing cSMAC formation reduced stimulatory capacity of the weak peptide.,0.662,1,,,
248,Chenodeosycholic acid treatment increases whole-body energy expenditure.,CLOSED,1568684,The Bile Acid Chenodeoxycholic Acid Increases Human Brown Adipose Tissue Activity.,Whole-body energy expenditure was also increased upon CDCA treatment.,0.774,1,,,
1099,Statins decrease blood cholesterol.,OPEN,21557614,Pleiotropic effects of statins.,"However, the overall benefits observed with statins appear to be greater than what might be expected from changes in lipid levels alone, suggesting effects beyond cholesterol lowering.",0.664,0,,,
53,ALDH1 expression is associated with poorer prognosis in breast cancer.,CLOSED,45638119,ALDH1 is a marker of normal and malignant human mammary stem cells and a predictor of poor clinical outcome.,"In a series of 577 breast carcinomas, expression of ALDH1 detected by immunostaining correlated with poor prognosis.",0.663,1,,,
1012,Radioiodine treatment of non-toxic multinodular goitre reduces thyroid volume.,CLOSED,9745001,Radioiodine treatment of multinodular non-toxic goitre.,CONCLUSIONS A substantial reduction in thyroid volume accompanied by a low incidence of hypothyroidism and few side effects makes the use of radioactive iodine an attractive alternative to surgery in selected cases of non-toxic multinodular goitre.,0.999,1,,,
146,Autologous transplantation of mesenchymal stem cells has lower rates of rejection than induction therapy with anti-interleukin-2 receptor antibodies.,CLOSED,10582939,Induction therapy with autologous mesenchymal stem cells in living-related kidney transplants: a randomized controlled trial.,"Also, during the 1-year follow-up, combined analysis of MSC-treated groups revealed significantly decreased risk of opportunistic infections than the control group (hazard ratio, 0.42; 95% CI, 0.20-0.85, P=.02)   CONCLUSION Among patients undergoing renal transplant, the use of autologous MSCs compared with anti-IL-2 receptor antibody induction therapy resulted in lower incidence of acute rejection, decreased risk of opportunistic infection, and better estimated renal function at 1 year.   
",0.815,1,,,
839,Nanoparticles can be targeted against specific cell types by incorporating aptamers into lipid nanoparticles.,CLOSED,1469751,Aptamer-functionalized lipid nanoparticles targeting osteoblasts as a novel RNA interference–based bone anabolic strategy,"Here we screened the aptamer CH6 by cell-SELEX, specifically targeting both rat and human osteoblasts, and then we developed CH6 aptamer–functionalized lipid nanoparticles (LNPs) encapsulating osteogenic pleckstrin homology domain-containing family O member 1 (Plekho1) siRNA (CH6-LNPs-siRNA).",0.569,0,,,
805,Monoclonal antibody targeting of N-cadherin inhibits metastasis.,CLOSED,22180793,"Monoclonal antibody targeting of N-cadherin inhibits prostate cancer growth, metastasis and castration resistance","Monoclonal antibodies against the ectodomain of N-cadherin reduced proliferation, adhesion and invasion of prostate cancer cells in vitro.",0.986,0,,,
1130,T regulatory cells (tTregs) lacking αvβ8 are more adept at suppressing pathogenic T-cell responses during active inflammation.,CLOSED,17997584,Integrin αvβ8-Mediated TGF-β Activation by Effector Regulatory T Cells Is Essential for Suppression of T-Cell-Mediated Inflammation,"However, Treg cells lacking expression of integrin αvβ8 were unable to suppress pathogenic T cell responses during active inflammation.",0.598,1,,,
641,Insomnia can be effectively treated with cognitive behavioral therapy.,CLOSED,5912283,Cognitive behavioral therapy vs zopiclone for treatment of chronic primary insomnia in older adults: a randomized controlled trial.,"CONCLUSION These results suggest that interventions based on CBT are superior to zopiclone treatment both in short- and long-term management of insomnia in older adults.   
",0.819,1,,,
213,CRP is not predictive of postoperative mortality following Coronary Artery Bypass Graft (CABG) surgery.,OPEN,27054878,"Preoperative C-reactive protein predicts long-term mortality and hospital length of stay after primary, nonemergent coronary artery bypass grafting.","CONCLUSION We demonstrate that preoperative CRP levels as low as 3 mg/l are associated with increased long-term mortality and extended hospital length of stay in relatively lower-acuity patients undergoing primary, nonemergent coronary artery bypass graft-only surgery.",0.635,0,,,
936,Peroxynitrite is required for nitration of TCR/CD8.,CLOSED,5483793,Altered recognition of antigen is a mechanism of CD8+ T cell tolerance in cancer,Nitration of TCR-CD8 is induced by MDSCs through hyperproduction of reactive oxygen species and peroxynitrite during direct cell-cell contact.,0.563,1,,,
269,Cold exposure reduces BAT recruitment.,OPEN,36838958,Sestrin2 inhibits uncoupling protein 1 expression through suppressing reactive oxygen species.,"Upon cold exposure or nutritional abundance, sympathetic neurons stimulate BAT to express Ucp1 to induce energy dissipation and thermogenesis.",0.75,0,,,
217,CX3CR1 on the Th2 cells promotes T cell survival,CLOSED,21366394,CX3CR1 is required for airway inflammation by promoting T helper cell survival and maintenance in inflamed lung,"We found that CX3CR1 signaling promoted T(H)2 survival in the inflamed lungs, and injection of B cell leukemia/lymphoma-2 protein (BCl-2)-transduced CX3CR1-deficient T(H)2 cells into CX3CR1-deficient mice restored asthma.",0.735,1,,,
1137,TNFAIP3 is a tumor suppressor in glioblastoma.,CLOSED,33370,Targeting A20 Decreases Glioma Stem Cell Survival and Tumor Growth,"We determined that A20 (TNFAIP3), a regulator of cell survival and the NF-kappaB pathway, is overexpressed in GSCs relative to non-stem glioblastoma cells at both the mRNA and protein levels.",0.728,0,,,
589,"In young and middle-aged adults, current or remote uses of ADHD medications do not increase the risk of serious cardiovascular events.",CLOSED,10984005,ADHD medications and risk of serious cardiovascular events in young and middle-aged adults.,"CONCLUSIONS Among young and middle-aged adults, current or new use of ADHD medications, compared with nonuse or remote use, was not associated with an increased risk of serious cardiovascular events.",0.851,1,,,
1062,S-nitrosylated GAPDH physiologically transnitrosylates histone deacetylases.,CLOSED,20381484,GAPDH Mediates Nitrosylation of Nuclear Proteins,"Here, we show that SNO-GAPDH physiologically transnitrosylates nuclear proteins, including the deacetylating enzyme sirtuin-1 (SIRT1), histone deacetylase-2 (HDAC2) and DNA-activated protein kinase (DNA-PK).",0.648,1,,,
268,Cold exposure increases BAT recruitment.,OPEN,36838958,Sestrin2 inhibits uncoupling protein 1 expression through suppressing reactive oxygen species.,"Upon cold exposure or nutritional abundance, sympathetic neurons stimulate BAT to express Ucp1 to induce energy dissipation and thermogenesis.",0.714,0,,,
50,AIRE is expressed in some skin tumors.,CLOSED,12580014,Keratin-dependent regulation of Aire and gene expression in skin tumor keratinocytes,"We report that autoimmune regulator (Aire), a transcriptional regulator, is inducibly expressed in human and mouse tumor keratinocytes in a K17-dependent manner and is required for timely onset of Gli2-induced skin tumorigenesis in mice.",0.99,1,,,
1029,Reduced responsiveness to interleukin-2 in regulatory T cells is associated with greater resistance to autoimmune diseases such as Type 1 Diabetes.,CLOSED,7115651,Key role for IL-21 in experimental autoimmune uveitis.,"Whereas IL-2 promotes development of regulatory T cells and confers protection from autoimmune disease, IL-21 promotes differentiation of Th17 cells and is implicated in several autoimmune diseases, including type 1 diabetes and systemic lupus erythematosus.",0.553,0,,,
70,Activation of PPM1D suppresses p53 function.,CLOSED,5956380,Exome sequencing identifies somatic gain-of-function PPM1D mutations in brainstem gliomas,PPM1D mutations were mutually exclusive with TP53 mutations in BSG and attenuated p53 activation in vitro.,0.532,1,,,
249,Chenodeosycholic acid treatment reduces whole-body energy expenditure.,CLOSED,1568684,The Bile Acid Chenodeoxycholic Acid Increases Human Brown Adipose Tissue Activity.,Whole-body energy expenditure was also increased upon CDCA treatment.,0.828,1,,,
354,Downregulation and mislocalization of Scribble prevents cell transformation and mammary tumorigenesis.,OPEN,8774475,Deregulation of Scribble Promotes Mammary Tumorigenesis and Reveals a Role for Cell Polarity in Carcinoma,"Like depletion, mislocalization of Scribble from cell-cell junction was sufficient to promote cell transformation.",0.714,0,,,
399,Exposure to fine particulate air pollution is relate to anxiety prevalence.,CLOSED,791050,The relation between past exposure to fine particulate air pollution and prevalent anxiety: observational cohort study,"Significantly increased odds of high anxiety symptoms were observed with higher exposure to PM2.5 for multiple averaging periods (for example, odds ratio per 10 µg/m(3) increase in prior one month average PM2.5: 1.12, 95% confidence interval 1.06 to 1.19; in prior 12 month average PM2.5: 1.15, 1.06 to 1.26).",0.746,1,,,
212,CR is associated with higher methylation age.,CLOSED,22038539,Caloric restriction delays age-related methylation drift,Twenty-two to 30-year-old rhesus monkeys exposed to 30% caloric restriction since 7-14 years of age showed attenuation of age-related methylation drift compared to ad libitum-fed controls such that their blood methylation age appeared 7 years younger than their chronologic age.,0.999,1,,,
380,Enhanced early production of inflammatory chemokines improves viral control in the lung.,CLOSED,19005293,Memory CD4+ T cells induce innate responses independently of pathogen,"We found that the response of memory, but not naive, CD4+ T cells enhances production of multiple innate inflammatory cytokines and chemokines (IICs) in the lung and that, during influenza infection, this leads to early control of virus.",0.769,1,,,
142,Autologous transplantation of mesenchymal stem cells causes a higher rate of opportunistic infections than induction therapy with anti-interleukin-2 receptor antibodies.,CLOSED,10582939,Induction therapy with autologous mesenchymal stem cells in living-related kidney transplants: a randomized controlled trial.,"Also, during the 1-year follow-up, combined analysis of MSC-treated groups revealed significantly decreased risk of opportunistic infections than the control group (hazard ratio, 0.42; 95% CI, 0.20-0.85, P=.02)   CONCLUSION Among patients undergoing renal transplant, the use of autologous MSCs compared with anti-IL-2 receptor antibody induction therapy resulted in lower incidence of acute rejection, decreased risk of opportunistic infection, and better estimated renal function at 1 year.   
",0.769,1,,,
100,All hematopoietic stem cells segregate their chromosomes randomly.,CLOSED,4381486,Haematopoietic stem cells do not asymmetrically segregate chromosomes or retain BrdU,Stem cells are proposed to segregate chromosomes asymmetrically during self-renewing divisions so that older (‘immortal’) DNA strands are retained in daughter stem cells whereas newly synthesized strands segregate to differentiating cells.,0.598,0,,,
141,Auditory entrainment is strengthened when people see congruent visual and auditory information.,CLOSED,14437255,Congruent Visual Speech Enhances Cortical Entrainment to Continuous Auditory Speech in Noise-Free Conditions.,"Specifically, we show that the brain's representation of auditory speech is enhanced when the accompanying visual speech signal shares the same timing.",0.539,1,,,
338,Dexamethasone decreases risk of postoperative bleeding.,CLOSED,23349986,Dexamethasone and risk of nausea and vomiting and postoperative bleeding after tonsillectomy in children: a randomized trial.,"Dexamethasone, 0.5 mg/kg, was associated with the highest bleeding risk (adjusted relative risk, 6.80; 95% CI, 1.77-16.5).",0.745,1,,,
1232,The minor G allele of FOXO3 is related to more severe symptoms of Crohn's Disease.,CLOSED,13905670,Human SNP Links Differential Outcomes in Inflammatory and Infectious Disease to a FOXO3-Regulated Pathway,"We identify a noncoding polymorphism in FOXO3A (rs12212067: T > G) at which the minor (G) allele, despite not being associated with disease susceptibility, is associated with a milder course of Crohn's disease and rheumatoid arthritis and with increased risk of severe malaria.",0.611,1,,,
903,PD-1 triggering on monocytes reduces IL-10 production by monocytes.,CLOSED,10648422,Programmed death-1–induced interleukin-10 production by monocytes impairs CD4+ T cell activation during HIV infection,Triggering of PD-1 expressed on monocytes by PD-L1 expressed on various cell types induced IL-10 production and led to reversible CD4+ T cell dysfunction.,0.999,1,,,
1273,The sliding activity of kinesin-8 protein Kip3 promotes bipolar spindle assembly.,CLOSED,11041152,Microtubule sliding activity of a kinesin-8 promotes spindle assembly and spindle length control,"However, the destabilizing activity of Kip3 dominates in late anaphase, inhibiting spindle elongation and ultimately promoting spindle disassembly.",0.777,0,,,
1104,Stroke patients with prior use of direct oral anticoagulants have a lower risk of in-hospital mortality than stroke patients with prior use of warfarin.,CLOSED,3898784,Association of Intracerebral Hemorrhage Among Patients Taking Non–Vitamin K Antagonist vs Vitamin K Antagonist Oral Anticoagulants With In-Hospital Mortality,"Compared with patients with prior use of warfarin, patients with prior use of NOACs had a lower risk of in-hospital mortality (ARD, −5.7% [97.5% CI, −7.3% to −4.2%]; AOR, 0.75 [97.5% CI, 0.69 to 0.81]).",0.739,1,,,
171,Basophils counteract disease development in patients with systemic lupus erythematosus (SLE).,CLOSED,12670680,BASOPHILS AND THE T HELPER 2 ENVIRONMENT CAN PROMOTE THE DEVELOPMENT OF LUPUS NEPHRITIS,"Thus, in Lyn(-/-) mice, basophils and IgE autoantibodies amplify autoantibody production that leads to lupus nephritis, and in individuals with SLE IgE autoantibodies and activated basophils are factors associated with disease activity and nephritis.",0.625,1,,,
1144,Taxation of sugar-sweetened beverages had no effect on the incidence rate of type II diabetes in India.,CLOSED,10071552,Averting Obesity and Type 2 Diabetes in India through Sugar-Sweetened Beverage Taxation: An Economic-Epidemiologic Modeling Study,CONCLUSION Sustained SSB taxation at a high tax rate could mitigate rising obesity and type 2 diabetes in India among both urban and rural subpopulations.,0.749,1,,,
219,CX3CR1 on the Th2 cells suppresses airway inflammation.,CLOSED,21366394,CX3CR1 is required for airway inflammation by promoting T helper cell survival and maintenance in inflamed lung,"Transfer of WT CD4(+) T cells into CX3CR1-deficient mice restored the cardinal features of asthma, and CX3CR1-blocking reagents prevented airway inflammation in CX3CR1-deficient recipients injected with WT T(H)2 cells.",0.594,1,,,
1389,mTORC2 regulates intracellular cysteine levels through xCT inhibition.,CLOSED,23895668,mTORC2 Regulates Amino Acid Metabolism in Cancer by Phosphorylation of the Cystine-Glutamate Antiporter xCT.,"Genetic inhibition of mTORC2, or pharmacologic inhibition of the mammalian target of rapamycin (mTOR) kinase, promotes glutamate secretion, cystine uptake, and incorporation into glutathione, linking growth factor receptor signaling with amino acid uptake and utilization.",0.5,1,,,
54,AMP-activated protein kinase (AMPK) activation increases inflammation-related fibrosis in the lungs.,CLOSED,24721866,Activation of AMP-activated protein kinase suppresses oxidized low-density lipoprotein-induced macrophage proliferation.,"In conclusion, AMPK activation suppressed Ox-LDL-induced macrophage proliferation by suppressing GM-CSF expression and inducing cell cycle arrest.",0.624,0,,,
1290,There is an inverse relationship between hip fractures and statin use.,CLOSED,4687948,HMG-CoA reductase inhibitors and the risk of hip fractures in elderly patients.,"RESULTS Use of statins in either the prior 180 days (adjusted OR, 0.50; 95% confidence interval [CI], 0.33-0.76) or prior 3 years (adjusted OR, 0.57; 95% CI, 0.40-0.82) was associated with a significant reduction in the risk of hip fracture, even after controlling for variables such as race, insurance status, psychoactive medications, estrogen and thiazide use, ischemic heart disease, cancer, and diabetes mellitus.",0.592,1,,,
179,Birth-weight is positively associated with breast cancer.,CLOSED,16322674,Birth Size and Breast Cancer Risk: Re-analysis of Individual Participant Data from 32 Studies,"Birth weight was positively associated with breast cancer risk in studies based on birth records (pooled relative risk [RR] per one standard deviation [SD] [= 0.5 kg] increment in birth weight: 1.06; 95% confidence interval [CI] 1.02-1.09) and parental recall when the participants were children (1.02; 95% CI 0.99-1.05), but not in those based on adult self-reports, or maternal recall during the woman's adulthood (0.98; 95% CI 0.95-1.01) (p for heterogeneity between data sources = 0.003).",0.741,1,,,
1100,Statins increase blood cholesterol.,OPEN,21557614,Pleiotropic effects of statins.,"However, the overall benefits observed with statins appear to be greater than what might be expected from changes in lipid levels alone, suggesting effects beyond cholesterol lowering.",0.666,0,,,
1352,Upregulation of mosGCTL-1 is induced upon infection with West Nile virus.,CLOSED,12885341,A C-Type Lectin Collaborates with a CD45 Phosphatase Homolog to Facilitate West Nile Virus Infection of Mosquitoes,"We now show that an Aedes aegypti C-type lectin, mosGCTL-1, is induced by WNV, interacts with WNV in a calcium-dependent manner, and facilitates infection in vivo and in vitro.",0.852,0,,,
124,Antiretroviral therapy reduces rates of tuberculosis across a broad range of CD4 strata.,CLOSED,4883040,Antiretroviral Therapy for Prevention of Tuberculosis in Adults with HIV: A Systematic Review and Meta-Analysis,CONCLUSIONS Antiretroviral therapy is strongly associated with a reduction in the incidence of tuberculosis across all CD4 count strata.,0.62,1,,,
163,Bariatric surgery has a positive impact on mental health.,CLOSED,18872233,Mental Health Conditions Among Patients Seeking and Undergoing Bariatric Surgery: A Meta-analysis.,"Bariatric surgery was, however, consistently associated with postoperative decreases in the prevalence of depression (7 studies; 8%-74% decrease) and the severity of depressive symptoms (6 studies; 40%-70% decrease).   
",0.655,1,,,
1292,There is no association between HNF4A mutations and diabetes risks.,OPEN,56893404,Macrosomia and Hyperinsulinaemic Hypoglycaemia in Patients with Heterozygous Mutations in the HNF4A Gene,"We assessed the in utero and neonatal role of two key regulators of pancreatic insulin secretion by studying birthweight and the incidence of neonatal hypoglycaemia in patients with heterozygous mutations in the maturity-onset diabetes of the young (MODY) genes HNF4A (encoding HNF-4α) and HNF1A/TCF1 (encoding HNF-1α), and the effect of pancreatic deletion of Hnf4a on foetal and neonatal insulin secretion in mice.",0.546,0,,,
832,NFAT4 activation requires IP3R-mediated Ca2+ mobilization.,CLOSED,30303335,Control of NFAT Isoform Activation and NFAT-Dependent Gene Expression through Two Coincident and Spatially Segregated Intracellular Ca2+ Signals,"NFAT1 is stimulated by sub-plasmalemmal Ca2+ microdomains, whereas NFAT4 additionally requires Ca2+ mobilization from the inner nuclear envelope by nuclear InsP3 receptors.",0.831,1,,,
185,Breast cancer development is determined exclusively by genetic factors.,CLOSED,18340282,Gene–environment interactions in 7610 women with breast cancer: prospective evidence from the Million Women Study,"BACKGROUND Information is scarce about the combined effects on breast cancer incidence of low-penetrance genetic susceptibility polymorphisms and environmental factors (reproductive, behavioural, and anthropometric risk factors for breast cancer).",0.571,0,,,
674,LDL cholesterol has no involvement in the development of cardiovascular disease.,CLOSED,2095573,LDL-cholesterol concentrations: a genome-wide association study,BACKGROUND LDL cholesterol has a causal role in the development of cardiovascular disease.,0.833,1,,,
921,Participating in six months of physical activity improves cognitive functioning.,CLOSED,1642727,Effect of physical activity on cognitive function in older adults at risk for Alzheimer disease: a randomized trial.,"CONCLUSIONS In this study of adults with subjective memory impairment, a 6-month program of physical activity provided a modest improvement in cognition over an 18-month follow-up period.   
",0.561,1,,,
410,Febrile seizures increase the threshold for development of epilepsy.,OPEN,15889329,A JOURNAL OF NEUROLOGY,"Indeed, recent evidence strongly implicates innate immune responses in lowering seizure threshold in experimental models of epilepsy, yet, there is no proof that they can play an independent role in initiating seizures in vivo.",0.599,0,,,
723,Ly49Q directs the organization of neutrophil migration to inflammation sites by regulating membrane raft functions.,CLOSED,5531479,The Ly49Q receptor plays a crucial role in neutrophil polarization and migration by regulating raft trafficking.,"We propose that Ly49Q is pivotal in switching neutrophils to their polarized morphology and rapid migration upon inflammation, through its spatiotemporal regulation of membrane rafts and raft-associated signaling molecules.",0.61,0,,,
845,Neutrophil extracellular traps (NETs) are released by ANCA-stimulated neutrophils.,CLOSED,17741440,Netting neutrophils in autoimmune small-vessel vasculitis,"Here we show that chromatin fibers, so-called neutrophil extracellular traps (NETs), are released by ANCA-stimulated neutrophils and contain the targeted autoantigens proteinase-3 (PR3) and myeloperoxidase (MPO).",0.998,1,,,
823,N348I mutations cause resistance to zidovudine (AZT).,CLOSED,15319019,N348I in the Connection Domain of HIV-1 Reverse Transcriptase Confers Zidovudine and Nevirapine Resistance,Biochemical analyses of recombinant RT containing N348I provide supporting evidence for the role of this mutation in zidovudine and NNRTI resistance and give some insight into the molecular mechanism of resistance.,0.605,1,,,
51,ALDH1 expression is associated with better breast cancer outcomes.,CLOSED,8963413,PD-L1 expression in human cancers and its association with clinical outcomes,"In contrast, PD-L1 expression correlates with better clinical outcomes in breast cancer and merkel cell carcinoma.",0.832,0,,,
549,IRG1 has antiviral effects against neurotropic viruses.,CLOSED,9433958,Differential innate immune response programs in neuronal subtypes determine susceptibility to infection in the brain by positive stranded RNA viruses,"By transducing cortical neurons with genes that were expressed more highly in granule cell neurons, we identified three interferon-stimulated genes (ISGs; Ifi27, Irg1 and Rsad2 (also known as Viperin)) that mediated the antiviral effects against different neurotropic viruses.",0.998,1,,,
129,Articles published in open access format are less likely to be cited than traditional journals.,CLOSED,27768226,Open Access Increases Citation Rate,The analysis revealed that self-archived articles are also cited less often than OA articles from the same journal.    ,0.523,0,,,
922,Patients in stable partnerships have a faster progression from HIV to AIDS.,CLOSED,17077004,Stable partnership and progression to AIDS or death in HIV infected patients receiving highly active antiretroviral therapy: Swiss HIV cohort study.,CONCLUSIONS A stable partnership is associated with a slower rate of progression to AIDS or death in HIV infected patients receiving HAART.,0.833,1,,,
793,Mitochondria are uninvolved in apoptosis.,CLOSED,8654183,Bax translocation and mitochondrial fragmentation induced by Helicobacter pylori.,"CONCLUSIONS These data suggest that during H pylori induced apoptosis, Bax translocates to the mitochondria which subsequently undergo depolarisation and profound fragmentation.",0.666,0,,,
57,"APOE4 expression in iPSC-derived neurons increases AlphaBeta production and tau phosphorylation, delaying GABA neuron degeneration.",CLOSED,4709641,Gain of toxic Apolipoprotein E4 effects in Human iPSC-Derived Neurons Is Ameliorated by a Small-Molecule Structure Corrector,"Using human neurons derived from induced pluripotent stem cells that expressed apolipoprotein E4 (ApoE4), a variant of the APOE gene product and the major genetic risk factor for AD, we demonstrated that ApoE4-expressing neurons had higher levels of tau phosphorylation, unrelated to their increased production of amyloid-β (Aβ) peptides, and that they displayed GABAergic neuron degeneration.",0.633,1,,,
904,PDPN promotes efficient motility along stromal surfaces by activating the C-type lectin receptor to rearrange the actin cytoskeleton in dendritic cells.,CLOSED,7370282,Podoplanin-Rich Stromal Networks Induce Dendritic Cell Motility via Activation of the C-type Lectin Receptor CLEC-2,"Thus, activation of CLEC-2 by PDPN rearranges the actin cytoskeleton in DCs to promote efficient motility along stromal surfaces.",0.692,1,,,
1270,The risk of male prisoners harming themselves is ten times that of female prisoners.,CLOSED,13900610,"Self-harm in prisons in England and Wales: an epidemiological study of prevalence, risk factors, clustering, and subsequent suicide",Self-harm rates were more than ten times higher in female prisoners than in male inmates.,0.799,1,,,
1041,Replacement of histone H2A with H2A.Z slows gene activation in yeasts by stabilizing +1 nucleosomes.,CLOSED,15778034,Variant Histone H2A.Z Is Globally Localized to the Promoters of Inactive Yeast Genes and Regulates Nucleosome Positioning,Our data suggest that the incorporation of H2A.Z into specific promoter-bound nucleosomes configures chromatin structure to poise genes for transcriptional activation.,0.666,0,,,
539,Hypoglycemia increases the risk of dementia.,CLOSED,13282296,Hypoglycemic episodes and risk of dementia in older patients with type 2 diabetes mellitus.,"The attributable risk of dementia between individuals with and without a history of hypoglycemia was 2.39% per year (95% CI, 1.72%-3.01%).",0.791,0,,,
327,Deletion of αvβ8 does not result in a spontaneous inflammatory phenotype.,CLOSED,17997584,Integrin αvβ8-Mediated TGF-β Activation by Effector Regulatory T Cells Is Essential for Suppression of T-Cell-Mediated Inflammation,"Treg-cell-specific deletion of integrin αvβ8 did not result in a spontaneous inflammatory phenotype, suggesting that this pathway is not important in Treg-cell-mediated maintenance of immune homeostasis.",0.798,1,,,
1336,UCB T cells reduce TCR diversity after transplantation.,CLOSED,27910499,Quantitative assessment of T-cell repertoire recovery after hematopoietic stem cell transplantation,"After 6 months, cord blood-graft recipients approximated the TCR diversity of healthy individuals, whereas recipients of T cell-depleted peripheral-blood stem cell grafts had 28-fold and 14-fold lower CD4(+) and CD8(+) T cell diversities, respectively.",0.595,1,,,
1359,Varenicline monotherapy is more effective after 12 weeks of treatment compared to combination nicotine replacement therapies with varenicline or bupropion.,CLOSED,11614737,Combination varenicline and bupropion SR for tobacco-dependence treatment in cigarette smokers: a randomized trial.,"RESULTS At 12 weeks, 53.0% of the combination therapy group achieved prolonged smoking abstinence and 56.2% achieved 7-day point-prevalence smoking abstinence compared with 43.2% and 48.6% in varenicline monotherapy (odds ratio [OR], 1.49; 95% CI, 1.05-2.12; P = .03 and OR, 1.36; 95% CI, 0.95-1.93; P = .09, respectively).",0.725,1,,,
1180,The PRR MDA5 is a sensor of RNA virus infection.,CLOSED,10627801,Loss of DExD/H box RNA helicase LGP2 manifests disparate antiviral responses.,The DExD/H box RNA helicase retinoic acid-inducible gene I (RIG-I) and the melanoma differentiation-associated gene 5 (MDA5) are key intracellular receptors that recognize virus infection to produce type I IFN.,0.549,0,,,
535,Hypertension is frequently observed in type 1 diabetes patients.,OPEN,27428509,Prevention of Type 2 Diabetes Mellitus Through Inhibition of the Renin-Angiotensin System,"Arterial hypertension, a clinical entity in which insulin resistance is common, is strongly associated with type 2 diabetes and may precede the disease by several years.",0.591,0,,,
1339,Ultrasound guidance significantly raises the number of traumatic procedures when attempting needle insertion.,CLOSED,15482274,Ultrasound imaging for lumbar punctures and epidural catheterisations: systematic review and meta-analysis.,"Ultrasound imaging also significantly reduced the risk of traumatic procedures (risk ratio 0.27 (0.11 to 0.67), P=0.005), the number of insertion attempts (mean difference -0.44 (-0.64 to -0.24), P<0.001), and the number of needle redirections (mean difference -1.00 (-1.24 to -0.75), P<0.001).   
",0.8,1,,,
